event,node,start,end,old-value,new-value,change-reason
form start,,1598938836954,,,,
question,/data/screening/generated_note_name_13,1598938836959,1598938890404,,,
form save,,1598938890715,,,,
form exit,,1598938890716,,,,
form resume,,1598938944951,,,,
jump,,1598938944952,1598938958912,,,
question,/data/screening/a3_a_1,1598938951377,1598938958912,,,
question,/data/screening/generated_note_name_13,1598938958917,1598938960135,,,
question,/data/screening/a3_a_1,1598938960140,1598938967586,,1,
end screen,,1598938967599,1598938976446,,,
change reason,,1598939001837,,,,"testing from India
"
form save,,1598939002409,,,,
form exit,,1598939002412,,,,
form finalize,,1598939002412,,,,
